,Unnamed: 0_x,name,taste_x,url_x,timestamp_x,retailer_x,label,roastlevel,Weight250_x,curreny_x,price250_x,Weight1000_x,price1000_x,typ_x,origin_list_x,country1_x,country2_x,country3_x,country4_x,country5_x,roastlevel_cat,Süsse,Bitterkeit,Blumig,Fruchtig,Nussig,Würzig,Röstartig,Körper,Abgang,Säure,Unnamed: 0_y,taste_y,url_y,timestamp_y,retailer_y,Weight250_y,curreny_y,price250_y,Weight1000_y,price1000_y,typ_y,origin_list_y,country1_y,country2_y,country3_y,country4_y,country5_y
0,0,Tavola Espresso,"Kakao, geröstete Haselnuss",https://www.rastshop.ch/de/kaffee/tavola-espresso,2022-12-09 08:41:22.699349+00:00,Rast Kaffee,,61.25,250,CHF,7.0,1000,25.9,Espresso-Mischung,"Brasilien,CostaRica,Guatemala,Indien",Brasilien,CostaRica,Guatemala,Indien,,4,3,3,1,2,4,3,2,4,4,2,,,,,,,,,,,,,,,,,
1,1,Mocca,Schwarzbrot,https://www.rastshop.ch/de/kaffee/mocca,2022-12-09 08:41:23.050507+00:00,Rast Kaffee,,55.0,250,CHF,6.5,1000,23.9,Kaffee-Mischung,"Indonesien,Brasilien,CostaRica",Indonesien,Brasilien,CostaRica,,,3,3,4,3,2,4,4,3,4,3,1,0.0,Schwarzbrot,https://www.rastshop.ch/de/kaffee/mocca,2022-12-09 08:44:19.458946+00:00,Rast Kaffee,250.0,CHF,6.3,1000.0,22.9,Kaffee-Mischung,"Indonesien,Brasilien,CostaRica",Indonesien,Brasilien,CostaRica,,
2,2,Visconti,dunkle Schokolade,https://www.rastshop.ch/de/kaffee/visconti,2022-12-09 08:41:23.111444+00:00,Rast Kaffee,,57.5,250,CHF,6.5,1000,23.9,Kaffee-Mischung,"Brasilien,Kolumbien,Indonesien,CostaRica",Brasilien,Kolumbien,Indonesien,CostaRica,,3,3,4,2,2,5,4,3,4,3,1,1.0,dunkle Schokolade,https://www.rastshop.ch/de/kaffee/visconti,2022-12-09 08:44:19.498347+00:00,Rast Kaffee,250.0,CHF,6.3,1000.0,22.9,Kaffee-Mischung,"Brasilien,Kolumbien,Indonesien,CostaRica",Brasilien,Kolumbien,Indonesien,CostaRica,
3,3,Wiener,"Toast, Zartbitterschokolade",https://www.rastshop.ch/de/kaffee/wiener,2022-12-09 08:41:23.122361+00:00,Rast Kaffee,,58.75,250,CHF,6.8,1000,24.9,Kaffee-Mischung,"Guatemala,Indonesien,CostaRica,Brasilien",Guatemala,Indonesien,CostaRica,Brasilien,,3,3,3,2,0,5,4,2,4,3,1,2.0,"Toast, Zartbitterschokolade",https://www.rastshop.ch/de/kaffee/wiener,2022-12-09 08:44:19.567166+00:00,Rast Kaffee,250.0,CHF,6.5,1000.0,23.9,Kaffee-Mischung,"Guatemala,Indonesien,CostaRica,Brasilien",Guatemala,Indonesien,CostaRica,Brasilien,
4,4,Eldorado,"Süssholz, Geranie, frische Erde",https://www.rastshop.ch/de/kaffee/eldorado,2022-12-09 08:41:23.132514+00:00,Rast Kaffee,,51.25,250,CHF,7.0,1000,25.9,Kaffee-Mischung,"Indien,Guatemala,Brasilien,CostaRica",Indien,Guatemala,Brasilien,CostaRica,,3,2,2,3,3,3,2,1,3,3,2,3.0,"Süssholz, Geranie, frische Erde",https://www.rastshop.ch/de/kaffee/eldorado,2022-12-09 08:44:19.660523+00:00,Rast Kaffee,250.0,CHF,6.5,1000.0,23.9,Kaffee-Mischung,"Indien,Guatemala,Brasilien,CostaRica",Indien,Guatemala,Brasilien,CostaRica,
5,5,Premium,"Mandeln, Brotkruste",https://www.rastshop.ch/de/kaffee/premium,2022-12-09 08:41:23.143021+00:00,Rast Kaffee,,51.25,250,CHF,7.0,1000,25.9,Kaffee-Mischung,"Indonesien,Guatemala,Brasilien,Indien",Indonesien,Guatemala,Brasilien,Indien,,3,4,1,1,3,1,2,3,2,3,2,4.0,"Mandeln, Brotkruste",https://www.rastshop.ch/de/kaffee/premium,2022-12-09 08:44:19.669936+00:00,Rast Kaffee,250.0,CHF,6.5,1000.0,23.9,Kaffee-Mischung,"Indonesien,Guatemala,Brasilien,Indien",Indonesien,Guatemala,Brasilien,Indien,
6,6,Latino No 2,"Malz, Aprikose, Pflaume, Zwetschge, Mandeln",https://www.rastshop.ch/de/kaffee/latino-no-2,2022-12-09 08:41:23.164756+00:00,Rast Kaffee,,55.0,250,CHF,7.0,1000,25.9,Kaffee-Mischung,"Brasilien,PNG,Guatemala,CostaRica,Kolumbien",Brasilien,PNG,Guatemala,CostaRica,Kolumbien,3,3,1,1,3,2,1,1,4,4,4,5.0,"Malz, Aprikose, Pflaume, Zwetschge, Mandeln",https://www.rastshop.ch/de/kaffee/latino-no-2,2022-12-09 08:44:19.841858+00:00,Rast Kaffee,250.0,CHF,6.8,1000.0,24.9,Kaffee-Mischung,"Brasilien,PNG,Guatemala,CostaRica,Kolumbien",Brasilien,PNG,Guatemala,CostaRica,Kolumbien
7,7,Festival,"dunkle Beeren, Schokolade, Akazienhonig",https://www.rastshop.ch/de/kaffee/festival,2022-12-09 08:41:23.174620+00:00,Rast Kaffee,,55.0,250,CHF,7.5,1000,27.9,Kaffee-Mischung,"Kenia,Guatemala,Brasilien,CostaRica",Kenia,Guatemala,Brasilien,CostaRica,,3,3,2,1,3,2,1,1,2,3,5,6.0,"dunkle Beeren, Schokolade, Akazienhonig",https://www.rastshop.ch/de/kaffee/festival,2022-12-09 08:44:19.851279+00:00,Rast Kaffee,250.0,CHF,7.0,1000.0,25.9,Kaffee-Mischung,"Kenia,Guatemala,Brasilien,CostaRica",Kenia,Guatemala,Brasilien,CostaRica,
8,8,Barista Crème,"Schokolade, Akazienhonig, Beeren, Vanille, Brot",https://www.rastshop.ch/de/kaffee/barista-creme,2022-12-09 08:41:23.183367+00:00,Rast Kaffee,,57.5,250,CHF,7.5,1000,27.9,Kaffee-Mischung,"Kenia,CostaRica,Indonesien,PNG,Guatemala",Kenia,CostaRica,Indonesien,PNG,Guatemala,3,3,0,5,5,5,1,0,4,2,5,7.0,"Schokolade, Akazienhonig, Beeren, Vanille, Brot",https://www.rastshop.ch/de/kaffee/barista-creme,2022-12-09 08:44:19.858951+00:00,Rast Kaffee,250.0,CHF,6.8,1000.0,24.9,Kaffee-Mischung,"Kenia,CostaRica,Indonesien,PNG,Guatemala",Kenia,CostaRica,Indonesien,PNG,Guatemala
9,9,Latino No 5,nussig,https://www.rastshop.ch/de/kaffee/latino-no-5,2022-12-09 08:41:23.289326+00:00,Rast Kaffee,,55.0,250,CHF,9.0,1000,33.9,Kaffee-Mischung,"Kolumbien,Jamaika,CostaR.,Guatemala,Brasilien",Kolumbien,Jamaika,CostaR.,Guatemala,Brasilien,3,5,0,2,4,4,1,1,5,2,5,8.0,nussig,https://www.rastshop.ch/de/kaffee/latino-no-5,2022-12-09 08:44:19.866701+00:00,Rast Kaffee,250.0,CHF,9.0,1000.0,33.9,Kaffee-Mischung,"Kolumbien,Jamaika,CostaR.,Guatemala,Brasilien",Kolumbien,Jamaika,CostaR.,Guatemala,Brasilien
10,10,Fairtrade Crème,"dunkle Schokolade, Haselnuss, Karamell",https://www.rastshop.ch/de/kaffee/fairtrade-creme,2022-12-09 08:41:23.302477+00:00,Rast Kaffee,Fairtrade,55.0,250,CHF,7.3,1000,26.9,Kaffee-Mischung,"Brasilien,Peru,Honduras",Brasilien,Peru,Honduras,,,3,2,3,4,5,3,4,3,3,2,2,9.0,"dunkle Schokolade, Haselnuss, Karamell",https://www.rastshop.ch/de/kaffee/fairtrade-creme,2022-12-09 08:44:19.969206+00:00,Rast Kaffee,250.0,CHF,6.8,1000.0,24.9,Kaffee-Mischung,"Brasilien,Peru,Honduras",Brasilien,Peru,Honduras,,
11,11,Bio Crème,"Waldbeere, schwarze Kirsche",https://www.rastshop.ch/de/kaffee/bio-creme,2022-12-09 08:41:23.310589+00:00,Rast Kaffee,Bio,56.25,250,CHF,7.8,1000,28.9,Kaffee-Mischung,"Peru,Äthiopien,Indonesien",Peru,Äthiopien,Indonesien,,,3,3,0,5,4,5,1,0,4,2,5,10.0,"Waldbeere, schwarze Kirsche",https://www.rastshop.ch/de/kaffee/bio-creme,2022-12-09 08:44:19.980649+00:00,Rast Kaffee,250.0,CHF,7.8,1000.0,28.9,Kaffee-Mischung,"Peru,Äthiopien,Indonesien",Peru,Äthiopien,Indonesien,,
12,12,Rainforest Crème,"Baumnuss, Schokolade, herb",https://www.rastshop.ch/de/kaffee/rainforest-creme,2022-12-09 08:41:23.318115+00:00,Rast Kaffee,Rainforest,50.0,250,CHF,6.8,1000,24.9,Kaffee-Mischung,"Guatemala,Brasilien,CostaRica",Guatemala,Brasilien,CostaRica,,,3,3,3,1,2,4,4,2,2,3,1,11.0,"Baumnuss, Schokolade, herb",https://www.rastshop.ch/de/kaffee/rainforest-creme,2022-12-09 08:44:19.987271+00:00,Rast Kaffee,250.0,CHF,6.8,1000.0,24.9,Kaffee-Mischung,"Guatemala,Brasilien,CostaRica",Guatemala,Brasilien,CostaRica,,
13,13,Christmas Edition,"Datteln, Orange, leicht Nelke",https://www.rastshop.ch/de/kaffee/christmas-edition,2022-12-09 08:41:23.326164+00:00,Rast Kaffee,,,250,CHF,8.8,1000,32.9,Kaffee-Mischung,"Brasilien,Indien,Indonesien,Kenia",Brasilien,Indien,Indonesien,Kenia,,0,3,2,1,3,5,3,2,3,3,3,,,,,,,,,,,,,,,,,
14,14,Jubiläums-Edition,"Aprikose, Zwetschge, Mandeln",https://www.rastshop.ch/de/kaffee/jubilaums-edition,2022-12-09 08:41:23.334137+00:00,Rast Kaffee,,55.0,250,CHF,7.5,1000,27.9,Kaffee-Mischung,"Brasilien,PNG,Guatemala,CostaRica,Kolumbien",Brasilien,PNG,Guatemala,CostaRica,Kolumbien,3,4,1,2,4,2,1,1,5,4,4,12.0,"Aprikose, Zwetschge, Mandeln",https://www.rastshop.ch/de/kaffee/jubilaums-edition,2022-12-09 08:44:19.993759+00:00,Rast Kaffee,250.0,CHF,7.0,1000.0,25.9,Kaffee-Mischung,"Brasilien,PNG,Guatemala,CostaRica,Kolumbien",Brasilien,PNG,Guatemala,CostaRica,Kolumbien
15,15,Tavola Crème,"dunkle Schokolade, Walnuss",https://www.rastshop.ch/de/kaffee/tavola-creme,2022-12-09 08:41:23.342500+00:00,Rast Kaffee,,56.25,250,CHF,6.8,1000,24.9,Kaffee-Mischung,"Brasilien,CostaRica,Guatemala,Indien",Brasilien,CostaRica,Guatemala,Indien,,3,4,2,0,1,3,3,2,3,3,1,,,,,,,,,,,,,,,,,
16,16,Home-Office,"Haselnuss, getrocknete Aprikose",https://www.rastshop.ch/de/kaffee/home-office,2022-12-09 08:41:23.350156+00:00,Rast Kaffee,,48.75,250,CHF,7.5,1000,27.9,Kaffee-Mischung,"Kolumbien,Äthiopien,Brasilien",Kolumbien,Äthiopien,Brasilien,,,3,4,1,2,3,3,2,1,2,3,3,13.0,"Haselnuss, getrocknete Aprikose",https://www.rastshop.ch/de/kaffee/home-office,2022-12-09 08:44:20.000130+00:00,Rast Kaffee,250.0,CHF,7.0,1000.0,25.9,Kaffee-Mischung,"Kolumbien,Äthiopien,Brasilien",Kolumbien,Äthiopien,Brasilien,,
17,17,Milano,"dunkle Schokolade, würzig",https://www.rastshop.ch/de/kaffee/milano,2022-12-09 08:41:23.357247+00:00,Rast Kaffee,,61.25,250,CHF,6.8,1000,24.9,Espresso-Mischung,"Guatemala,Brasilien,CostaRica,Indonesien",Guatemala,Brasilien,CostaRica,Indonesien,,4,3,3,0,0,3,5,4,4,4,1,14.0,"würzig, dunkle Schokolade",https://www.rastshop.ch/de/kaffee/milano,2022-12-09 08:44:20.006507+00:00,Rast Kaffee,250.0,CHF,6.3,1000.0,22.9,Espresso-Mischung,"Guatemala,Brasilien,CostaRica,Indonesien",Guatemala,Brasilien,CostaRica,Indonesien,
18,18,Roma,"würzig, angenehme Röstaromen",https://www.rastshop.ch/de/kaffee/roma,2022-12-09 08:41:23.364144+00:00,Rast Kaffee,,73.75,250,CHF,7.0,1000,25.9,Espresso-Mischung,"Indonesien,Brasilien,Kolumbien",Indonesien,Brasilien,Kolumbien,,,4,2,4,1,0,3,4,4,3,3,1,15.0,"würzig, angenehme Röstaromen",https://www.rastshop.ch/de/kaffee/roma,2022-12-09 08:44:20.012805+00:00,Rast Kaffee,250.0,CHF,6.5,1000.0,23.9,Espresso-Mischung,"Indonesien,Brasilien,Kolumbien",Indonesien,Brasilien,Kolumbien,,
19,19,Sicilia,"nussig, Bittermandel",https://www.rastshop.ch/de/kaffee/sicilia,2022-12-09 08:41:23.371451+00:00,Rast Kaffee,,88.75,250,CHF,6.8,1000,24.9,Espresso-Mischung,"Indonesien,Kolumbien,Brasilien",Indonesien,Kolumbien,Brasilien,,,5,2,5,0,0,4,3,5,4,4,0,16.0,"nussig, Bittermandel",https://www.rastshop.ch/de/kaffee/sicilia,2022-12-09 08:44:20.019056+00:00,Rast Kaffee,250.0,CHF,6.5,1000.0,23.9,Espresso-Mischung,"Indonesien,Kolumbien,Brasilien",Indonesien,Kolumbien,Brasilien,,
20,20,Venezia,"süsse, rote Beeren",https://www.rastshop.ch/de/kaffee/venezia,2022-12-09 08:41:23.379243+00:00,Rast Kaffee,,63.75,250,CHF,7.0,1000,25.9,Espresso-Mischung,"Indonesien,Äthiopien,CostaRica,Brasilien",Indonesien,Äthiopien,CostaRica,Brasilien,,4,4,2,2,3,3,3,2,3,3,2,17.0,"süsse, rote Beeren",https://www.rastshop.ch/de/kaffee/venezia,2022-12-09 08:44:20.025362+00:00,Rast Kaffee,250.0,CHF,6.5,1000.0,23.9,Espresso-Mischung,"Indonesien,Äthiopien,CostaRica,Brasilien",Indonesien,Äthiopien,CostaRica,Brasilien,
21,21,Vesuvio,"würzig, leichte Rauchnote",https://www.rastshop.ch/de/kaffee/vesuvio,2022-12-09 08:41:23.386588+00:00,Rast Kaffee,,73.75,250,CHF,7.0,1000,25.9,Espresso-Mischung,"Indonesien,Guatemala,Kolumbien,Burundi",Indonesien,Guatemala,Kolumbien,Burundi,,4,1,4,0,0,1,4,4,4,4,2,18.0,"würzig, leichte Rauchnote",https://www.rastshop.ch/de/kaffee/vesuvio,2022-12-09 08:44:20.031716+00:00,Rast Kaffee,250.0,CHF,6.6,1000.0,24.4,Espresso-Mischung,"Indonesien,Guatemala,Kolumbien,Burundi",Indonesien,Guatemala,Kolumbien,Burundi,
22,22,Barista Espresso,"Mandel, Zitrusnote",https://www.rastshop.ch/de/kaffee/barista-espresso,2022-12-09 08:41:23.393532+00:00,Rast Kaffee,,58.75,250,CHF,7.0,1000,25.9,Espresso-Mischung,"Guatemala,Kenia,Indonesien,Indien,Brasilien",Guatemala,Kenia,Indonesien,Indien,Brasilien,3,3,1,0,3,3,2,2,4,4,3,19.0,"Mandel, Zitrusnote",https://www.rastshop.ch/de/kaffee/barista-espresso,2022-12-09 08:44:20.038071+00:00,Rast Kaffee,250.0,CHF,6.8,1000.0,24.9,Espresso-Mischung,"Guatemala,Kenia,Indonesien,Indien,Brasilien",Guatemala,Kenia,Indonesien,Indien,Brasilien
23,23,Tropical Rainforest,"Süssholz, Karamell, gebrannte Mandeln",https://www.rastshop.ch/de/kaffee/tropical-rainforest,2022-12-09 08:41:23.400550+00:00,Rast Kaffee,,66.25,250,CHF,6.5,1000,23.9,Espresso-Mischung,"Mexiko,Brasilien,Tansania",Mexiko,Brasilien,Tansania,,,4,1,4,0,2,5,3,4,4,4,1,20.0,"Süssholz, Karamell, gebrannte Mandeln",https://www.rastshop.ch/de/kaffee/tropical-rainforest,2022-12-09 08:44:20.044488+00:00,Rast Kaffee,250.0,CHF,6.3,1000.0,22.9,Espresso-Mischung,"Mexiko,Brasilien,Tansania",Mexiko,Brasilien,Tansania,,
24,24,Fairtrade Espresso,"Haselnuss, Süssholz, dunkle Schokolade",https://www.rastshop.ch/de/kaffee/fairtrade-espresso,2022-12-09 08:41:23.407882+00:00,Rast Kaffee,Fairtrade,61.25,250,CHF,6.8,1000,24.9,Espresso-Mischung,"Brasilien,Peru,Honduras,Tansania",Brasilien,Peru,Honduras,Tansania,,4,4,3,0,2,4,4,3,4,4,3,21.0,"Haselnuss, leicht erdig, zartbitter, Süssholz",https://www.rastshop.ch/de/kaffee/fairtrade-espresso,2022-12-09 08:44:20.050787+00:00,Rast Kaffee,250.0,CHF,6.8,1000.0,24.9,Espresso-Mischung,"Brasilien,Peru,Honduras,Tansania",Brasilien,Peru,Honduras,Tansania,
25,25,Bio Espresso,dunkle Nussschokolade,https://www.rastshop.ch/de/kaffee/bio-espresso,2022-12-09 08:41:23.427794+00:00,Rast Kaffee,Bio,63.75,250,CHF,7.5,1000,27.9,Espresso-Mischung,"Guatemala,Indonesien",Guatemala,Indonesien,,,,4,2,3,1,1,4,4,3,4,4,2,22.0,dunkle Nussschokolade,https://www.rastshop.ch/de/kaffee/bio-espresso,2022-12-09 08:44:20.057116+00:00,Rast Kaffee,250.0,CHF,7.5,1000.0,27.9,Espresso-Mischung,"Guatemala,Indonesien",Guatemala,Indonesien,,,
26,26,Rainforest Espresso,"Bittermandel, dunkle Schokolade",https://www.rastshop.ch/de/kaffee/rainforest-espresso,2022-12-09 08:41:23.438316+00:00,Rast Kaffee,Rainforest,56.25,250,CHF,6.5,1000,23.9,Espresso-Mischung,"Brasilien,Guatemala,CostaRica,Indien",Brasilien,Guatemala,CostaRica,Indien,,3,2,4,0,2,3,4,4,4,4,2,23.0,"Bittermandel, dunkle Schokolade",https://www.rastshop.ch/de/kaffee/rainforest-espresso,2022-12-09 08:44:20.063424+00:00,Rast Kaffee,250.0,CHF,6.3,1000.0,22.9,Espresso-Mischung,"Brasilien,Guatemala,CostaRica,Indien",Brasilien,Guatemala,CostaRica,Indien,
27,27,Palmichal,"Asam, Lakritz, Pfirsich",https://www.rastshop.ch/de/kaffee/palmichal,2022-12-09 08:41:23.480096+00:00,Rast Kaffee,,50.0,250,CHF,8.3,1000,30.9,Einzelsorte,CostaRica,CostaRica,,,,,3,5,1,1,4,2,2,1,4,3,3,,,,,,,,,,,,,,,,,
28,28,Serrano Lavado,"Walnuss, dunkle Schokolade",https://www.rastshop.ch/de/kaffee/serrano-lavado,2022-12-09 08:41:23.492523+00:00,Rast Kaffee,,52.5,250,CHF,8.3,1000,30.9,Einzelsorte,Kuba,Kuba,,,,,3,1,3,1,1,3,3,2,2,4,1,25.0,"Walnuss, dunkle Schokolade",https://www.rastshop.ch/de/kaffee/serrano-lavado,2022-12-09 08:44:20.088668+00:00,Rast Kaffee,250.0,CHF,7.5,1000.0,27.9,Einzelsorte,Kuba,Kuba,,,,
29,29,Herminio Bio,"Zitrus, Früchtetee, Nussschokolade",https://www.rastshop.ch/de/kaffee/herminio-bio,2022-12-09 08:41:23.500095+00:00,Rast Kaffee,Bio,38.75,250,CHF,8.3,1000,30.9,Einzelsorte,Guatemala,Guatemala,,,,,2,4,0,1,4,4,1,1,4,4,4,27.0,"Zitrus, Früchtetee, Nussschokolade",https://www.rastshop.ch/de/kaffee/herminio-bio,2022-12-09 08:44:20.119726+00:00,Rast Kaffee,250.0,CHF,7.5,1000.0,27.9,Einzelsorte,Guatemala,Guatemala,,,,
30,30,Buena Vista,"Baumnuss, leichte Johannisbeere",https://www.rastshop.ch/de/kaffee/buena-vista,2022-12-09 08:41:23.507417+00:00,Rast Kaffee,,56.25,250,CHF,8.8,1000,32.9,Einzelsorte,Guatemala,Guatemala,,,,,3,5,2,2,3,4,2,0,3,4,3,,,,,,,,,,,,,,,,,
31,31,Blue Mountain,"Erdnuss, Haselnuss, Karamell, Schokolade",https://www.rastshop.ch/de/kaffee/blue-mountain,2022-12-09 08:41:23.514844+00:00,Rast Kaffee,,53.75,250,CHF,39.5,1000,156.0,Einzelsorte,Jamaika,Jamaika,,,,,3,3,0,1,4,3,0,0,3,4,3,28.0,"Erdnuss, Haselnuss, Karamell, Schokolade",https://www.rastshop.ch/de/kaffee/blue-mountain-wallenford-estate,2022-12-09 08:44:20.131926+00:00,Rast Kaffee,250.0,CHF,39.5,1000.0,156.0,Einzelsorte,Jamaika,Jamaika,,,,
32,32,Iglesia,"Limette, Assam-Tee, Mandel, Walnuss",https://www.rastshop.ch/de/kaffee/iglesia-finca-hamburgo,2022-12-09 08:41:23.522256+00:00,Rast Kaffee,Parzellenkaffee,43.75,250,CHF,11.8,1000,44.9,Einzelsorte,Mexiko,Mexiko,,,,,3,2,2,0,2,2,5,2,3,4,2,29.0,"Limette, Assam-Tee, Mandel, Walnuss",https://www.rastshop.ch/de/kaffee/iglesia-finca-hamburgo,2022-12-09 08:44:20.138817+00:00,Rast Kaffee,250.0,CHF,11.8,1000.0,44.9,Einzelsorte,Mexiko,Mexiko,,,,
33,33,Berilo Bio,"getrocknete Aprikose, Kakao und Mandel",https://www.rastshop.ch/de/kaffee/berilo-bio,2022-12-09 08:41:23.529779+00:00,Rast Kaffee,Bio,55.0,250,CHF,8.0,1000,29.9,Einzelsorte,Mexiko,Mexiko,,,,,3,5,1,0,3,3,2,1,4,3,3,,,,,,,,,,,,,,,,,
34,34,Comsa Bio Fairtrade,"Orange, Tabak, Baumnuss",https://www.rastshop.ch/de/kaffee/comsa-bio-fairtrade,2022-12-09 08:41:23.538421+00:00,Rast Kaffee,"Bio, Direct Trade, Fairtrade",50.0,250,CHF,8.3,1000,30.9,Einzelsorte,Honduras,Honduras,,,,,3,4,2,2,4,4,2,2,3,2,4,,,,,,,,,,,,,,,,,
35,35,Gesha natural,"Pflaume, Mango, Ananas",https://www.rastshop.ch/de/kaffee/gesha-natural,2022-12-09 08:41:23.550007+00:00,Rast Kaffee,,37.5,250,CHF,39.5,1000,156.0,Einzelsorte,Panama,Panama,,,,,2,5,0,4,5,0,0,0,5,5,3,,,,,,,,,,,,,,,,,
36,36,Gesha washed,"Bergamotte, Jasmin, Honig, Apfel",https://www.rastshop.ch/de/kaffee/gesha-washed,2022-12-09 08:41:23.578476+00:00,Rast Kaffee,,37.5,250,CHF,39.5,1000,156.0,Einzelsorte,Panama,Panama,,,,,2,4,0,5,5,1,1,0,3,3,4,,,,,,,,,,,,,,,,,
37,37,Bonita Springs Wush Wush,"Früchtetee, Limone, reife Ananas",https://www.rastshop.ch/de/kaffee/bonita-springs-wush-wush,2022-12-09 08:41:23.587993+00:00,Rast Kaffee,,,250,CHF,22.0,1000,86.0,Einzelsorte,Panama,Panama,,,,,0,5,0,2,5,0,0,0,3,3,4,,,,,,,,,,,,,,,,,
38,38,Bahareque Fairtrade,"nussig, Schokolade, Pfirsich",https://www.rastshop.ch/de/kaffee/bahareque-fairtrade,2022-12-09 08:41:23.595374+00:00,Rast Kaffee,"Direct Trade, Fairtrade",50.0,250,CHF,8.0,1000,29.9,Einzelsorte,Kolumbien,Kolumbien,,,,,3,3,1,2,3,3,2,2,2,3,4,34.0,"nussig, Schokolade, Pfirsich",https://www.rastshop.ch/de/kaffee/bahareque-fairtrade,2022-12-09 08:44:20.173333+00:00,Rast Kaffee,250.0,CHF,7.3,1000.0,26.9,Einzelsorte,Kolumbien,Kolumbien,,,,
39,39,Vista Alegre,"Steinobst, Haselnuss, Honig",https://www.rastshop.ch/de/kaffee/fazenda-vista-alegre,2022-12-09 08:41:23.603560+00:00,Rast Kaffee,Direct Trade,58.75,250,CHF,7.5,1000,27.9,Einzelsorte,Brasilien,Brasilien,,,,,3,5,1,3,3,3,0,1,3,3,2,35.0,"Steinobst, Haselnuss, Honig",https://www.rastshop.ch/de/kaffee/fazenda-vista-alegre,2022-12-09 08:44:20.186935+00:00,Rast Kaffee,250.0,CHF,7.0,1000.0,25.9,Einzelsorte,Brasilien,Brasilien,,,,
40,40,Apas Fairtrade,"Muskat, Bitterschokolade, süsslich",https://www.rastshop.ch/de/kaffee/apas-fairtrade,2022-12-09 08:41:23.611791+00:00,Rast Kaffee,"Direct Trade, Fairtrade",55.0,250,CHF,7.8,1000,28.9,Einzelsorte,Brasilien,Brasilien,,,,,3,4,2,3,0,2,4,3,3,4,2,36.0,"Muskat, Bitterschokolade, süsslich",https://www.rastshop.ch/de/kaffee/apas-fairtrade,2022-12-09 08:44:20.205336+00:00,Rast Kaffee,250.0,CHF,7.0,1000.0,25.9,Einzelsorte,Brasilien,Brasilien,,,,
41,41,Taioba,"Bitterschokolade, Lebkuchen, Karamell, Kandis",https://www.rastshop.ch/de/kaffee/taioba,2022-12-09 08:41:23.620334+00:00,Rast Kaffee,Parzellenkaffee,52.5,250,CHF,9.8,1000,36.9,Einzelsorte,Brasilien,Brasilien,,,,,3,5,0,4,5,2,0,1,5,4,3,37.0,"Bitterschokolade, Lebkuchen, Karamell, Kandis",https://www.rastshop.ch/de/kaffee/taioba-fazenda-agua-limpa,2022-12-09 08:44:20.214258+00:00,Rast Kaffee,250.0,CHF,9.8,1000.0,36.9,Einzelsorte,Brasilien,Brasilien,,,,
42,42,Yellow Bourbon,"Honig, Baumnuss",https://www.rastshop.ch/de/kaffee/yellow-bourbon-fazenda-samambaia,2022-12-09 08:41:23.628405+00:00,Rast Kaffee,Direct Trade,48.75,250,CHF,8.0,1000,29.9,Einzelsorte,Brasilien,Brasilien,,,,,3,5,2,3,3,5,3,2,3,4,1,38.0,"Honig, Baumnuss",https://www.rastshop.ch/de/kaffee/yellow-bourbon-fazenda-samambaia,2022-12-09 08:44:20.221040+00:00,Rast Kaffee,250.0,CHF,7.5,1000.0,27.9,Einzelsorte,Brasilien,Brasilien,,,,
43,43,El Palto BIO Fairtrade,"Schokolade, Bittermandel",https://www.rastshop.ch/de/kaffee/el-palto-bio-fairtrade,2022-12-09 08:41:23.636480+00:00,Rast Kaffee,"Bio, Direct Trade, Fairtrade",50.0,250,CHF,8.0,1000,29.9,Einzelsorte,Peru,Peru,,,,,3,3,2,0,2,4,3,2,4,4,3,39.0,"Schokolade, Bittermandel",https://www.rastshop.ch/de/kaffee/el-palto-bio-fairtrade,2022-12-09 08:44:20.227763+00:00,Rast Kaffee,250.0,CHF,7.5,1000.0,27.9,Einzelsorte,Peru,Peru,,,,
44,44,Vilcabamba,dunkle Schokolade,https://www.rastshop.ch/de/kaffee/vilcabamba,2022-12-09 08:41:23.644178+00:00,Rast Kaffee,,50.0,250,CHF,9.3,1000,34.9,Einzelsorte,Ecuador,Ecuador,,,,,3,2,2,0,2,2,4,3,3,3,2,40.0,dunkle Schokolade,https://www.rastshop.ch/de/kaffee/vilcabamba,2022-12-09 08:44:20.234493+00:00,Rast Kaffee,250.0,CHF,8.5,1000.0,31.9,Einzelsorte,Ecuador,Ecuador,,,,
45,45,Pink Bourbon,"Baumnuss, Lakritze",https://www.rastshop.ch/de/kaffee/pink-bourbon,2022-12-09 08:41:23.652215+00:00,Rast Kaffee,,53.75,250,CHF,10.3,1000,38.9,Einzelsorte,Kolumbien,Kolumbien,,,,,3,3,2,1,3,4,3,2,3,3,2,41.0,"Baumnuss, Lakritze",https://www.rastshop.ch/de/kaffee/pink-bourbon,2022-12-09 08:44:20.241187+00:00,Rast Kaffee,250.0,CHF,10.3,1000.0,38.9,Einzelsorte,Kolumbien,Kolumbien,,,,
46,46,Guji BIO,"Orange, leichte Schokoladennote",https://www.rastshop.ch/de/kaffee/guji,2022-12-09 08:41:23.714948+00:00,Rast Kaffee,Bio,31.25,250,CHF,8.0,1000,29.9,Einzelsorte,Äthiopien,Äthiopien,,,,,2,5,0,5,4,1,1,0,4,3,4,42.0,"Orange, leichte Schokoladennote",https://www.rastshop.ch/de/kaffee/guji,2022-12-09 08:44:20.247836+00:00,Rast Kaffee,250.0,CHF,7.0,1000.0,25.9,Einzelsorte,Äthiopien,Äthiopien,,,,
47,47,Yirga Cheffe BIO,"Limettenzeste, Pfirsich, Lakritze",https://www.rastshop.ch/de/kaffee/yirga-cheffe-bio,2022-12-09 08:41:23.728800+00:00,Rast Kaffee,Bio,31.25,250,CHF,9.3,1000,34.9,Einzelsorte,Äthiopien,Äthiopien,,,,,2,4,0,4,5,1,1,0,3,4,5,43.0,"Limettenzeste, Pfirsich, Lakritze",https://www.rastshop.ch/de/kaffee/yirga-cheffe-bio,2022-12-09 08:44:20.254796+00:00,Rast Kaffee,250.0,CHF,8.5,1000.0,31.9,Einzelsorte,Äthiopien,Äthiopien,,,,
48,48,Limu,"Aprikose, tropische Früchte, Schwarztee",https://www.rastshop.ch/de/kaffee/limu,2022-12-09 08:41:23.736897+00:00,Rast Kaffee,,18.75,250,CHF,7.8,1000,28.9,Einzelsorte,Äthiopien,Äthiopien,,,,,1,5,0,4,5,0,0,0,3,3,4,44.0,"Aprikose, tropische Früchte, Schwarztee",https://www.rastshop.ch/de/kaffee/limu,2022-12-09 08:44:20.261586+00:00,Rast Kaffee,250.0,CHF,7.8,1000.0,28.9,Einzelsorte,Äthiopien,Äthiopien,,,,
49,49,Nyeri,"Grapefruit, Cassis",https://www.rastshop.ch/de/kaffee/nyeri-kenia,2022-12-09 08:41:23.744669+00:00,Rast Kaffee,,46.25,250,CHF,9.5,1000,35.9,Einzelsorte,Kenia,Kenia,,,,,3,3,1,4,5,2,1,0,4,4,5,45.0,"Grapefruit, Cassis",https://www.rastshop.ch/de/kaffee/nyeri-kenia,2022-12-09 08:44:20.268408+00:00,Rast Kaffee,250.0,CHF,8.8,1000.0,32.9,Einzelsorte,Kenia,Kenia,,,,
50,50,Bukoba Bio Fairtrade,"würzig, dunkle Schokolade",https://www.rastshop.ch/de/kaffee/bukoba-bio-fairtrade,2022-12-09 08:41:23.752886+00:00,Rast Kaffee,"Bio, Fairtrade",50.0,250,CHF,7.3,1000,26.9,Einzelsorte,Tansania,Tansania,,,,,3,3,4,0,2,4,5,3,5,5,1,46.0,"würzig, dunkle Schokolade",https://www.rastshop.ch/de/kaffee/bukoba-bio-fairtrade,2022-12-09 08:44:20.275292+00:00,Rast Kaffee,250.0,CHF,6.8,1000.0,24.9,Einzelsorte,Tansania,Tansania,,,,
51,51,Laurina Pointu de Bourbon,"Litschi, Gewürze, Kakao",https://www.rastshop.ch/de/kaffee/laurina-pointu-de-bourbon,2022-12-09 08:41:23.760657+00:00,Rast Kaffee,,37.5,250,CHF,122.0,1000,486.0,Einzelsorte,LaRéunion,LaRéunion,,,,,2,4,0,3,4,3,2,1,3,4,4,47.0,"Litschi, Gewürze, Kakao",https://www.rastshop.ch/de/kaffee/laurina-pointu-de-bourbon,2022-12-09 08:44:20.319115+00:00,Rast Kaffee,250.0,CHF,122.0,1000.0,486.0,Einzelsorte,LaRéunion,LaRéunion,,,,
52,52,Butihinda,"Schwarztee, Pfirsich",https://www.rastshop.ch/de/kaffee/butihinda,2022-12-09 08:41:23.768029+00:00,Rast Kaffee,,31.25,250,CHF,9.3,1000,34.9,Einzelsorte,Burundi,Burundi,,,,,2,5,0,3,5,1,0,0,3,4,4,48.0,"Schwarztee, Pfirsich",https://www.rastshop.ch/de/kaffee/butihinda,2022-12-09 08:44:20.331829+00:00,Rast Kaffee,250.0,CHF,9.3,1000.0,34.9,Einzelsorte,Burundi,Burundi,,,,
53,53,Somaho,"Mango, Pfirsich, leicht blumig",https://www.rastshop.ch/de/kaffee/somaho,2022-12-09 08:41:23.776581+00:00,Rast Kaffee,,18.75,250,CHF,10.3,1000,38.9,Einzelsorte,Rwanda,Rwanda,,,,,1,4,1,3,5,1,1,0,3,3,4,49.0,"Mango, Pfirsich, leicht blumig",https://www.rastshop.ch/de/kaffee/somaho,2022-12-09 08:44:20.338942+00:00,Rast Kaffee,250.0,CHF,10.3,1000.0,38.9,Einzelsorte,Rwanda,Rwanda,,,,
54,54,Java Baron,"Kakao, Walnuss, leichte Tabaknoten",https://www.rastshop.ch/de/kaffee/java-baron,2022-12-09 08:41:23.784985+00:00,Rast Kaffee,,50.0,250,CHF,7.3,1000,26.9,Einzelsorte,Indonesien,Indonesien,,,,,3,2,4,0,2,5,3,4,4,4,1,50.0,"Kakao, Walnuss, leichte Tabaknoten",https://www.rastshop.ch/de/kaffee/java-baron,2022-12-09 08:44:20.345966+00:00,Rast Kaffee,250.0,CHF,6.5,1000.0,23.9,Einzelsorte,Indonesien,Indonesien,,,,
55,55,"Mandheling, Gold","würzig, leicht fruchtig",https://www.rastshop.ch/de/kaffee/mandheling-gold,2022-12-09 08:41:23.793865+00:00,Rast Kaffee,,55.0,250,CHF,8.0,1000,29.9,Einzelsorte,Indonesien,Indonesien,,,,,3,3,3,1,1,3,4,3,3,4,1,51.0,"würzig, leicht fruchtig",https://www.rastshop.ch/de/kaffee/mandheling-gold,2022-12-09 08:44:20.352927+00:00,Rast Kaffee,250.0,CHF,7.3,1000.0,26.9,Einzelsorte,Indonesien,Indonesien,,,,
56,56,Malabar,"nussig, mild, Gewürze",https://www.rastshop.ch/de/kaffee/malabar-monsooned-aspinwall,2022-12-09 08:41:23.804687+00:00,Rast Kaffee,,37.5,250,CHF,7.5,1000,27.9,Einzelsorte,Indien,Indien,,,,,2,1,3,0,0,3,3,3,3,3,0,52.0,"nussig, mild, Gewürze",https://www.rastshop.ch/de/kaffee/malabar-monsooned-aspinwall,2022-12-09 08:44:20.359928+00:00,Rast Kaffee,250.0,CHF,6.8,1000.0,24.9,Einzelsorte,Indien,Indien,,,,
57,57,Plantation RFA,"würzig, Schokolade, leicht Pflaume",https://www.rastshop.ch/de/kaffee/plantation-rfa,2022-12-09 08:41:23.814569+00:00,Rast Kaffee,Rainforest,56.25,250,CHF,7.5,1000,27.9,Einzelsorte,Indien,Indien,,,,,3,4,1,0,3,4,4,3,4,3,2,53.0,"würzig, Schokolade, leicht Pflaume",https://www.rastshop.ch/de/kaffee/plantation-rfa,2022-12-09 08:44:20.366861+00:00,Rast Kaffee,250.0,CHF,7.0,1000.0,25.9,Einzelsorte,Indien,Indien,,,,
58,58,Kerkeicoondah,"nussig, würzig, schokoladig",https://www.rastshop.ch/de/kaffee/kerkeicoondah-balehonnur-farm,2022-12-09 08:41:23.823554+00:00,Rast Kaffee,"Direct Trade, Parzellenkaffee",23.75,250,CHF,9.3,1000,34.9,Einzelsorte,Indien,Indien,,,,,2,4,4,2,1,5,4,4,5,5,1,54.0,"nussig, würzig, schokoladig",https://www.rastshop.ch/de/kaffee/kerkeicoondah-balehonnur-farm,2022-12-09 08:44:20.373909+00:00,Rast Kaffee,250.0,CHF,9.3,1000.0,34.9,Einzelsorte,Indien,Indien,,,,
59,59,Blawan,"Schwarztee, Süssholz, Schokolade",https://www.rastshop.ch/de/kaffee/blawan,2022-12-09 08:41:23.834548+00:00,Rast Kaffee,,58.75,250,CHF,8.0,1000,29.9,Einzelsorte,Indonesien,Indonesien,,,,,3,5,2,0,3,1,2,1,5,5,2,,,,,,,,,,,,,,,,,
60,60,Aceh Mandheling BIO Fairtrade,"würzig, Schokolade, Himbeeren",https://www.rastshop.ch/de/kaffee/aceh-mandheling-bio-fairtrade,2022-12-09 08:41:23.844878+00:00,Rast Kaffee,"Bio, Fairtrade",55.0,250,CHF,8.5,1000,31.9,Einzelsorte,Indonesien,Indonesien,,,,,3,3,3,1,1,3,4,3,3,4,1,,,,,,,,,,,,,,,,,
61,61,Sigri,"nussig, leicht fruchtig",https://www.rastshop.ch/de/kaffee/sigri-estate-plantation,2022-12-09 08:41:23.854670+00:00,Rast Kaffee,,55.0,250,CHF,8.0,1000,29.9,Einzelsorte,Papua-Neuguinea,Papua-Neuguinea,,,,,3,2,1,2,3,4,4,1,3,3,3,57.0,"nussig, leicht fruchtig",https://www.rastshop.ch/de/kaffee/sigri-estate-plantation,2022-12-09 08:44:20.394680+00:00,Rast Kaffee,250.0,CHF,7.3,1000.0,26.9,Einzelsorte,Papua-Neuguinea,Papua-Neuguinea,,,,
62,62,Captain Cook,"Schokolade, getrocknete Feigen, leicht Zitrus",https://www.rastshop.ch/de/kaffee/captain-cook,2022-12-09 08:41:23.865279+00:00,Rast Kaffee,,48.75,250,CHF,42.0,1000,166.0,Einzelsorte,Hawaii,Hawaii,,,,,3,4,0,1,5,2,1,1,4,3,4,,,,,,,,,,,,,,,,,
63,63,Dornröschen,"dunkle Schokolade, getrocknete Aprikosen",https://www.rastshop.ch/de/kaffee/dornroschen,2022-12-09 08:41:23.876204+00:00,Rast Kaffee,,48.75,250,CHF,7.5,1000,27.9,Koffeinfreie Mischung,Brasilien,Brasilien,,,,,3,4,2,1,2,4,4,2,4,3,2,58.0,"dunkle Schokolade, getrocknete Aprikosen",https://www.rastshop.ch/de/kaffee/dornroschen,2022-12-09 08:44:20.401532+00:00,Rast Kaffee,250.0,CHF,7.3,1000.0,26.9,Koffeinfreie Mischung,Brasilien,Brasilien,,,,
64,64,Koffeinfrei Fairtrade,Schokolade,https://www.rastshop.ch/de/kaffee/koffeinfrei-fairtrade,2022-12-09 08:41:23.887375+00:00,Rast Kaffee,Fairtrade,41.25,250,CHF,8.0,1000,29.9,Koffeinfreie Mischung,Peru,Peru,,,,,3,4,1,0,4,5,3,1,3,3,4,59.0,Schokolade,https://www.rastshop.ch/de/kaffee/koffeinfrei-fairtrade,2022-12-09 08:44:20.409400+00:00,Rast Kaffee,250.0,CHF,7.5,1000.0,27.9,Koffeinfreie Mischung,Peru,Peru,,,,
